name_v22.1,value,reference_v22.1,notes_v22.1,source_url,retrieved
Inner SEI reaction proportion,0.5,,,https://raw.githubusercontent.com/pybamm-team/PyBaMM/v22.1/pybamm/input/parameters/lithium_ion/seis/example/parameters.csv,2026-10-08
Inner SEI partial molar volume [m3.mol-1],9.585e-5,Safari paper,,https://raw.githubusercontent.com/pybamm-team/PyBaMM/v22.1/pybamm/input/parameters/lithium_ion/seis/example/parameters.csv,2026-10-08
Outer SEI partial molar volume [m3.mol-1],9.585e-5,Safari paper,,https://raw.githubusercontent.com/pybamm-team/PyBaMM/v22.1/pybamm/input/parameters/lithium_ion/seis/example/parameters.csv,2026-10-08
SEI reaction exchange current density [A.m-2],1.5E-7,Guess,,https://raw.githubusercontent.com/pybamm-team/PyBaMM/v22.1/pybamm/input/parameters/lithium_ion/seis/example/parameters.csv,2026-10-08
SEI resistivity [Ohm.m],2e5,Safari paper,,https://raw.githubusercontent.com/pybamm-team/PyBaMM/v22.1/pybamm/input/parameters/lithium_ion/seis/example/parameters.csv,2026-10-08
Outer SEI solvent diffusivity [m2.s-1],2.5E-22,Single paper,,https://raw.githubusercontent.com/pybamm-team/PyBaMM/v22.1/pybamm/input/parameters/lithium_ion/seis/example/parameters.csv,2026-10-08
Bulk solvent concentration [mol.m-3],2.636E3,Ploehn paper,,https://raw.githubusercontent.com/pybamm-team/PyBaMM/v22.1/pybamm/input/parameters/lithium_ion/seis/example/parameters.csv,2026-10-08
Ratio of inner and outer SEI exchange current densities,1,Assume same,,https://raw.githubusercontent.com/pybamm-team/PyBaMM/v22.1/pybamm/input/parameters/lithium_ion/seis/example/parameters.csv,2026-10-08
Inner SEI open-circuit potential [V],0.1,,,https://raw.githubusercontent.com/pybamm-team/PyBaMM/v22.1/pybamm/input/parameters/lithium_ion/seis/example/parameters.csv,2026-10-08
Outer SEI open-circuit potential [V],0.8,,,https://raw.githubusercontent.com/pybamm-team/PyBaMM/v22.1/pybamm/input/parameters/lithium_ion/seis/example/parameters.csv,2026-10-08
Inner SEI electron conductivity [S.m-1],8.95E-14,Single paper,,https://raw.githubusercontent.com/pybamm-team/PyBaMM/v22.1/pybamm/input/parameters/lithium_ion/seis/example/parameters.csv,2026-10-08
Inner SEI lithium interstitial diffusivity [m2.s-1],1E-20,Guess,,https://raw.githubusercontent.com/pybamm-team/PyBaMM/v22.1/pybamm/input/parameters/lithium_ion/seis/example/parameters.csv,2026-10-08
Lithium interstitial reference concentration [mol.m-3],15,Single paper,,https://raw.githubusercontent.com/pybamm-team/PyBaMM/v22.1/pybamm/input/parameters/lithium_ion/seis/example/parameters.csv,2026-10-08
Initial inner SEI thickness [m],2.5E-9,2.5E-9 1/2 of initial thickness in Safari paper,,https://raw.githubusercontent.com/pybamm-team/PyBaMM/v22.1/pybamm/input/parameters/lithium_ion/seis/example/parameters.csv,2026-10-08
Initial outer SEI thickness [m],2.5E-9,1/2 of initial thickness in Safari paper,,https://raw.githubusercontent.com/pybamm-team/PyBaMM/v22.1/pybamm/input/parameters/lithium_ion/seis/example/parameters.csv,2026-10-08
EC initial concentration in electrolyte [mol.m-3],4.541E3,Safari paper,,https://raw.githubusercontent.com/pybamm-team/PyBaMM/v22.1/pybamm/input/parameters/lithium_ion/seis/example/parameters.csv,2026-10-08
EC diffusivity [m2.s-1],2E-18,adjusted parameter in Yang paper,,https://raw.githubusercontent.com/pybamm-team/PyBaMM/v22.1/pybamm/input/parameters/lithium_ion/seis/example/parameters.csv,2026-10-08
SEI kinetic rate constant [m.s-1],1e-12,adjusted parameter in Yang paper,,https://raw.githubusercontent.com/pybamm-team/PyBaMM/v22.1/pybamm/input/parameters/lithium_ion/seis/example/parameters.csv,2026-10-08
SEI open-circuit potential [V],0.4,Safari paper,,https://raw.githubusercontent.com/pybamm-team/PyBaMM/v22.1/pybamm/input/parameters/lithium_ion/seis/example/parameters.csv,2026-10-08
